{"cameraMode":{"drawMode":0,"name":"Shaded","section":"Shading Mode"},"sceneLighting":false,"audioPlay":false,"sceneViewState":{"m_AlwaysRefresh":false,"showFog":true,"showSkybox":false,"showFlares":true,"showImageEffects":true,"showParticleSystems":true,"showVisualEffectGraphs":true,"m_FxEnabled":true},"in2DMode":false,"pivot":{"x":0.7505335211753845,"y":0.9300035834312439,"z":1.0472813844680787},"rotation":{"x":0.03381779417395592,"y":-0.9653158783912659,"z":0.2027239054441452,"w":0.16103248298168183},"size":1.2293055057525635,"orthographic":false}