{"cameraMode":{"drawMode":0,"name":"Shaded","section":"Shading Mode"},"sceneLighting":false,"audioPlay":false,"sceneViewState":{"m_AlwaysRefresh":false,"showFog":true,"showSkybox":false,"showFlares":true,"showImageEffects":true,"showParticleSystems":true,"showVisualEffectGraphs":true,"m_FxEnabled":true},"in2DMode":false,"pivot":{"x":-0.6476333141326904,"y":-0.30793479084968569,"z":-0.31191134452819826},"rotation":{"x":-0.03568889945745468,"y":0.7635597586631775,"z":-0.04246678575873375,"w":-0.643408477306366},"size":1.606832504272461,"orthographic":true}