{"cameraMode":{"drawMode":0,"name":"Shaded","section":"Shading Mode"},"sceneLighting":true,"audioPlay":false,"sceneViewState":{"m_AlwaysRefresh":false,"showFog":true,"showSkybox":true,"showFlares":true,"showImageEffects":true,"showParticleSystems":true,"showVisualEffectGraphs":true,"m_FxEnabled":true},"in2DMode":false,"pivot":{"x":-0.5992037057876587,"y":1.1388471126556397,"z":-9.611059188842774},"rotation":{"x":0.25431501865386965,"y":0.12864752113819123,"z":-0.03415582701563835,"w":0.9579230546951294},"size":2.213022470474243,"orthographic":false}