{"cameraMode":{"drawMode":0,"name":"Shaded","section":"Shading Mode"},"sceneLighting":false,"audioPlay":false,"sceneViewState":{"m_AlwaysRefresh":false,"showFog":true,"showSkybox":false,"showFlares":true,"showImageEffects":true,"showParticleSystems":true,"showVisualEffectGraphs":true,"m_FxEnabled":true},"in2DMode":false,"pivot":{"x":0.13601899147033692,"y":-0.0855308324098587,"z":0.06007218360900879},"rotation":{"x":0.005519060418009758,"y":-0.8879026174545288,"z":0.010655173100531102,"w":0.4598817527294159},"size":1.365024447441101,"orthographic":true}