{"cameraMode":{"drawMode":0,"name":"Shaded","section":"Shading Mode"},"sceneLighting":false,"audioPlay":false,"sceneViewState":{"m_AlwaysRefresh":false,"showFog":true,"showSkybox":false,"showFlares":true,"showImageEffects":true,"showParticleSystems":true,"showVisualEffectGraphs":true,"m_FxEnabled":true},"in2DMode":false,"pivot":{"x":-0.024693839251995088,"y":-0.17961648106575013,"z":0.006912786513566971},"rotation":{"x":0.0003150682896375656,"y":0.9990924000740051,"z":-0.0419866144657135,"w":0.007493433076888323},"size":1.2363322973251343,"orthographic":true}