{"cameraMode":{"drawMode":0,"name":"Shaded","section":"Shading Mode"},"sceneLighting":false,"audioPlay":false,"sceneViewState":{"m_AlwaysRefresh":false,"showFog":true,"showSkybox":false,"showFlares":true,"showImageEffects":true,"showParticleSystems":true,"showVisualEffectGraphs":true,"m_FxEnabled":true},"in2DMode":false,"pivot":{"x":-7.77014684677124,"y":1.318674921989441,"z":-0.9563807845115662},"rotation":{"x":0.29868239164352419,"y":-0.08289314806461334,"z":0.026051193475723268,"w":0.9503895044326782},"size":0.3464129865169525,"orthographic":true}