{"cameraMode":{"drawMode":0,"name":"Shaded","section":"Shading Mode"},"sceneLighting":false,"audioPlay":false,"sceneViewState":{"m_AlwaysRefresh":false,"showFog":true,"showSkybox":false,"showFlares":true,"showImageEffects":true,"showParticleSystems":true,"showVisualEffectGraphs":true,"m_FxEnabled":true},"in2DMode":false,"pivot":{"x":0.2899562120437622,"y":1.333822250366211,"z":-4.486999988555908},"rotation":{"x":0.32681894302368166,"y":-0.018428286537528039,"z":0.006371869705617428,"w":0.9448904991149902},"size":0.8456900715827942,"orthographic":false}